{"train": [0.4798732644645059, 0.3845333041107587, 0.3642219066507623, 0.3670387443737346, 0.3699651330765582, 0.35726136244174, 0.3630283865551491, 0.361559762905322, 0.35013082236219933, 0.3677599783109855, 0.36143739468184793, 0.3584242751032619, 0.355104342636191, 0.36626946628654966, 0.3613985472704282, 0.3571654577264229, 0.35330080576311174, 0.3472251940357259, 0.3562388094019306, 0.35733250058527943, 0.34801948104201064, 0.3547494614640647, 0.33896063125066167, 0.33021892621243293, 0.3386288752775857, 0.32822450046934426, 0.339444818582014, 0.3373765223107095, 0.32426303776644044, 0.3379816746307632, 0.3402066054541737, 0.336675818637715, 0.3408490829099594, 0.3385872600105523, 0.3351896482672395, 0.3444666634059446, 0.3187339622422127, 0.32612737917855184, 0.32698000611109473, 0.33377606350149813, 0.32927172556659823, 0.33087858568926093, 0.3320733899226072, 0.32368838669216565, 0.31691746713975955, 0.32287672493192887, 0.32408641287162476, 0.3176538869037018, 0.32365455802551096, 0.3118865236836414, 0.3093499248310671, 0.31071076055255537, 0.31003780761232036, 0.32279708852426703, 0.3077322681857143, 0.32370393407546866, 0.31083568318864496, 0.3073872382806968, 0.31842249772193965, 0.30980193513934895, 0.3019917044935927, 0.2993869364486127, 0.30388419512526016, 0.29678199104894576, 0.3023146986961365, 0.30874591201487683, 0.2969843711556688, 0.30036515940380637, 0.29398070463801956, 0.285419962107574, 0.28769000736109057, 0.2949320683483799, 0.29435274813134793, 0.29582168731536795, 0.28773007442273213, 0.29499479948688584, 0.2894659257878018, 0.2871313010905422, 0.28261338777685796, 0.28946117846305763, 0.27813341601869257, 0.2822172667010356, 0.27216532966735896, 0.27109724283218384, 0.2746506668416794, 0.2747634705962883, 0.27443132722108377, 0.28318802633527984, 0.2724751194767135, 0.28749046739885364, 0.28173784246552463, 0.2733094846573702, 0.27571605468649424, 0.27306347456804553, 0.2822720172153803, 0.27586692016003495, 0.2801164087827147, 0.2673447140529331, 0.27189697580597944, 0.26250778579218015], "val": [0.4898135076134892, 0.40644294680175136, 0.399355943425227, 0.4168602647417683, 0.38017771102614323, 0.40747879773883494, 0.4274469214980885, 0.39211364974409846, 0.43083175511683447, 0.4485070629645202, 0.4086600870399152, 0.3840950383978375, 0.4236634257486311, 0.435623297246836, 0.3926123769606574, 0.4058266519489935, 0.3957744649911331, 0.3830593435441033, 0.40288238757747713, 0.3886793806391247, 0.4257575288667517, 0.37309522648989146, 0.38388082132501117, 0.3751152870008501, 0.434906477140168, 0.40592442579188587, 0.3773782864465552, 0.3777849699481059, 0.33547901955701537, 0.4103672105377003, 0.3977182891409276, 0.3694535241288654, 0.39739216081166673, 0.3458932764449362, 0.40669168557150887, 0.3701275829541481, 0.380381474555549, 0.40181929024599367, 0.3702162403171345, 0.40307149291038513, 0.40687194062491594, 0.37539541822368816, 0.38225890216180836, 0.41393313064413556, 0.42989736795425415, 0.3676582675869182, 0.3504265961000475, 0.33635041370230206, 0.3793681774098994, 0.3894502707457138, 0.3527580398624226, 0.35879611564894853, 0.40400375097484914, 0.4870422209723521, 0.39298832467046835, 0.3511314255706334, 0.37992214499893834, 0.35871739710791634, 0.3943225473670636, 0.3456231992123491, 0.3438300919734826, 0.35367943573806243, 0.38179977667533743, 0.3922713479753268, 0.4184854081121542, 0.3636762080556255, 0.3328572350033259, 0.38270581829345834, 0.37480968539997683, 0.39706515457670566, 0.344499045509403, 0.4186177289081832, 0.35571653459031705, 0.4006133614960363, 0.35481641252162094, 0.37351043598126554, 0.3382567071308524, 0.3264772230285709, 0.3203459326493538, 0.34583008188312336, 0.3493050124685643, 0.3714826884916273, 0.3413425764795077, 0.29962040357670544, 0.3765218591285964, 0.3440059367883003, 0.3250941775612912, 0.3717557989944846, 0.36679992180759624, 0.395797288518841, 0.3178198418374789, 0.40005187159877714, 0.32927163728212905, 0.3556306493484368, 0.38146003323086236, 0.39651911440542187, 0.3599150650582071, 0.35801590095132085, 0.3748165939824056, 0.3472227105649851]}